subject,block_id,t_start_sec,t_end_sec,stage,clean_channels
EPCTL01,N2_0,720.00,1140.00,N2,"Fp1,Fp2,F3,F4,C3,C4,P3,P4,O1,O2,F7,F8,T3,T4,T5,T6,FZ,CZ,PZ,F9,F10,FC5,FC1,CP1,FC2,FC6,CP2,CP6"
EPCTL01,N3_1,1140.00,2580.00,N3,"Fp1,Fp2,F3,F4,C3,C4,P3,P4,O1,O2,F7,F8,T3,T4,T5,T6,FZ,CZ,PZ,F9,F10,FC5,FC1,CP1,FC2,FC6,CP2,CP6"
EPCTL01,W_2,2730.00,3330.00,W,"Fp1,Fp2,F3,F4,C3,C4,P3,P4,O1,O2,F7,F8,T3,T4,T5,T6,FZ,CZ,PZ,F9,F10,FC5,FC1,CP1,FC2,FC6,CP2,CP6"
EPCTL01,N2_3,3840.00,4410.00,N2,"Fp1,Fp2,F3,F4,C3,C4,P3,P4,O1,O2,F7,F8,T3,T4,T5,T6,FZ,CZ,PZ,F9,F10,FC5,FC1,CP1,FC2,FC6,CP2,CP6"
EPCTL01,N3_4,4620.00,4950.00,N3,"Fp1,Fp2,F3,F4,C3,C4,P3,P4,O1,O2,F7,F8,T3,T4,T5,T6,FZ,CZ,PZ,F9,F10,FC5,FC1,CP1,FC2,FC6,CP2,CP6"
EPCTL01,N3_5,5130.00,5850.00,N3,"Fp1,Fp2,F3,F4,C3,C4,P3,P4,O1,O2,F7,F8,T3,T4,T5,T6,FZ,CZ,PZ,F9,F10,FC5,FC1,CP1,FC2,FC6,CP2,CP6"
EPCTL01,N2_6,5850.00,6210.00,N2,"Fp1,Fp2,F3,F4,C3,C4,P3,P4,O1,O2,F7,F8,T3,T4,T5,T6,FZ,CZ,PZ,F9,F10,FC5,FC1,CP1,FC2,FC6,CP2,CP6"
EPCTL01,R_7,6900.00,7320.00,R,"Fp1,Fp2,F3,F4,C3,C4,P3,P4,O1,O2,F7,F8,T3,T4,T5,T6,FZ,CZ,PZ,F9,F10,FC5,FC1,CP1,FC2,CP2,CP6"
EPCTL01,R_8,7350.00,8160.00,R,"Fp1,Fp2,F3,F4,C3,C4,P3,P4,O1,O2,F7,F8,T3,T4,T5,FZ,CZ,PZ,F9,F10,FC5,FC1,CP1,FC2,FC6,CP2,CP6"
EPCTL01,N2_9,8250.00,9180.00,N2,"Fp1,Fp2,F3,F4,C3,C4,P3,P4,O1,O2,F7,F8,T3,T4,T5,FZ,CZ,PZ,F9,F10,FC5,FC1,CP1,FC2,FC6,CP2,CP6"
EPCTL01,N3_10,9300.00,11130.00,N3,"Fp1,Fp2,F3,F4,C3,C4,P3,P4,O1,O2,F7,F8,T3,T4,T5,T6,FZ,CZ,PZ,F9,F10,FC5,FC1,CP1,FC2,FC6,CP2,CP6"
EPCTL01,N2_11,11400.00,12060.00,N2,"Fp1,Fp2,F3,F4,C3,C4,P3,P4,O1,O2,F7,F8,T3,T4,T5,T6,FZ,CZ,PZ,F9,F10,FC5,FC1,CP1,FC2,FC6,CP2,CP6"
EPCTL01,N2_12,12090.00,12660.00,N2,"Fp1,Fp2,F3,F4,C3,C4,P3,P4,O1,O2,F7,F8,T3,T4,T5,T6,FZ,CZ,PZ,F9,F10,FC5,FC1,CP1,FC2,FC6,CP2,CP6"
EPCTL01,N2_13,12720.00,13050.00,N2,"Fp1,Fp2,F3,F4,C3,C4,P3,P4,O1,O2,F7,F8,T3,T4,T5,T6,FZ,CZ,PZ,F9,F10,FC5,FC1,CP1,FC2,FC6,CP2,CP6"
EPCTL01,N2_14,13110.00,13500.00,N2,"Fp1,Fp2,F3,F4,C3,C4,P3,P4,O1,O2,F7,F8,T3,T4,T5,T6,FZ,CZ,PZ,F9,F10,FC5,FC1,CP1,FC2,FC6,CP2,CP6"
EPCTL01,N2_15,13710.00,14460.00,N2,"Fp1,Fp2,F3,F4,C3,C4,P3,P4,O1,O2,F7,F8,T3,T4,T5,T6,FZ,CZ,PZ,F9,F10,FC5,FC1,CP1,FC2,FC6,CP2,CP6"
EPCTL01,R_16,14670.00,15420.00,R,"Fp1,Fp2,F3,F4,C3,C4,P3,P4,O1,O2,F7,F8,T3,T4,T5,T6,FZ,CZ,PZ,F9,F10,FC5,FC1,CP1,FC2,FC6,CP2,CP6"
EPCTL01,R_17,15450.00,16230.00,R,"Fp1,Fp2,F3,F4,C3,C4,P3,P4,O2,F7,F8,T3,T4,T5,T6,FZ,CZ,PZ,F9,F10,FC5,FC1,CP1,FC2,FC6,CP2,CP6"
EPCTL01,N2_18,16530.00,17460.00,N2,"Fp1,Fp2,F3,F4,C3,C4,P3,P4,O1,O2,F7,F8,T3,T4,T5,T6,FZ,CZ,PZ,F9,F10,FC5,FC1,CP1,FC2,FC6,CP2,CP6"
EPCTL01,N2_19,17520.00,18810.00,N2,"Fp1,Fp2,F3,F4,C3,C4,P3,P4,O1,O2,F7,F8,T3,T4,T5,T6,FZ,CZ,PZ,F9,F10,FC5,FC1,CP1,FC2,FC6,CP2,CP6"
EPCTL01,N3_20,18900.00,19230.00,N3,"Fp1,Fp2,F3,F4,C3,C4,P3,P4,O1,O2,F7,F8,T3,T4,T5,T6,FZ,CZ,PZ,F9,F10,FC5,FC1,CP1,FC2,FC6,CP2,CP6"
EPCTL01,N2_21,19440.00,20220.00,N2,"Fp1,Fp2,F3,F4,C3,C4,P3,P4,O1,O2,F7,F8,T3,T4,T5,T6,FZ,CZ,PZ,F9,F10,FC5,FC1,CP1,FC2,FC6,CP2,CP6"
EPCTL01,N2_22,20370.00,20940.00,N2,"Fp1,Fp2,F3,F4,C3,C4,P3,P4,O1,O2,F7,F8,T3,T4,T5,T6,FZ,CZ,PZ,F9,F10,FC5,FC1,CP1,FC2,FC6,CP2,CP6"
EPCTL01,R_23,21120.00,21450.00,R,"Fp1,Fp2,F3,F4,C3,C4,P3,P4,O1,O2,F7,F8,T3,T4,T5,T6,FZ,CZ,PZ,F9,F10,FC5,FC1,CP1,FC2,FC6,CP2,CP6"
EPCTL01,R_24,21510.00,22140.00,R,"Fp1,Fp2,F3,F4,C3,C4,P3,P4,O1,O2,F7,F8,T3,T4,T5,T6,FZ,CZ,PZ,F9,F10,FC5,FC1,CP1,FC2,FC6,CP2,CP6"
EPCTL01,N2_25,22290.00,24210.00,N2,"Fp1,Fp2,F3,F4,C3,C4,P3,P4,O1,O2,F7,F8,T3,T4,T5,T6,FZ,CZ,PZ,F9,F10,FC5,FC1,CP1,FC2,FC6,CP2,CP6"
EPCTL01,N2_26,24300.00,25020.00,N2,"Fp1,Fp2,F3,F4,C3,C4,P3,P4,O1,O2,F7,F8,T3,T4,T5,T6,FZ,CZ,PZ,F9,F10,FC5,FC1,CP1,FC2,FC6,CP2,CP6"
EPCTL01,N2_27,25110.00,25770.00,N2,"Fp1,Fp2,F3,F4,C3,C4,P3,P4,O1,O2,F7,F8,T3,T4,T5,T6,FZ,CZ,PZ,F9,F10,FC5,FC1,CP1,FC2,FC6,CP2,CP6"
EPCTL01,R_28,25770.00,26850.00,R,"Fp1,Fp2,F3,F4,C3,C4,P3,P4,O1,O2,F7,F8,T3,T4,T5,T6,FZ,CZ,PZ,F9,F10,FC5,FC1,CP1,FC2,FC6,CP2,CP6"
EPCTL01,R_29,26940.00,27270.00,R,"Fp1,Fp2,F3,F4,C3,C4,P3,P4,O1,O2,F7,F8,T3,T4,T5,T6,FZ,CZ,PZ,F9,F10,FC5,FC1,CP1,FC2,FC6,CP2,CP6"
EPCTL01,N2_30,27540.00,28410.00,N2,"Fp1,Fp2,F3,F4,C3,C4,P3,P4,O1,O2,F7,F8,T3,T4,T5,T6,FZ,CZ,PZ,F9,F10,FC5,FC1,CP1,FC2,FC6,CP2,CP6"
EPCTL02,W_0,1290.00,1920.00,W,"Fp1,Fp2,F3,F4,C3,C4,P3,P4,O1,O2,F7,F8,T3,T4,T5,T6,FZ,CZ,PZ,F9,F10,FC5,FC1,CP1,FC2,FC6,CP2,CP6"
EPCTL02,N3_1,2550.00,4500.00,N3,"Fp1,Fp2,F3,F4,C3,C4,P3,P4,O1,O2,F7,F8,T3,T4,T5,T6,FZ,CZ,PZ,F9,F10,FC5,FC1,CP1,FC2,FC6,CP2,CP6"
EPCTL02,N2_2,4770.00,5580.00,N2,"Fp1,Fp2,F3,F4,C3,C4,P3,P4,O1,O2,F7,F8,T3,T4,T5,T6,FZ,CZ,PZ,F9,F10,FC5,FC1,CP1,FC2,FC6,CP2,CP6"
EPCTL02,W_3,5670.00,8940.00,W,"Fp2,F3,F4,C3,C4,P3,P4,O1,O2,F7,F8,T3,T4,T5,T6,FZ,CZ,PZ,F9,F10,FC5,FC1,CP1,FC2,FC6,CP2,CP6"
EPCTL02,N2_4,9660.00,10560.00,N2,"Fp1,Fp2,F3,F4,C3,C4,P3,P4,O1,O2,F7,F8,T3,T4,T5,T6,FZ,CZ,PZ,F9,F10,FC5,FC1,CP1,FC2,FC6,CP2,CP6"
EPCTL02,N2_5,10890.00,11850.00,N2,"Fp1,Fp2,F3,F4,C3,C4,P3,P4,O1,O2,F7,F8,T3,T4,T5,T6,FZ,CZ,PZ,F9,F10,FC5,FC1,CP1,FC2,FC6,CP2,CP6"
EPCTL02,N3_6,11850.00,12660.00,N3,"Fp1,Fp2,F3,F4,C3,C4,P3,P4,O1,O2,F7,F8,T3,T4,T5,T6,FZ,CZ,PZ,F9,F10,FC5,FC1,CP1,FC2,FC6,CP2,CP6"
EPCTL02,N2_7,13260.00,13800.00,N2,"Fp1,Fp2,F3,F4,C3,C4,P3,P4,O1,O2,F7,F8,T3,T4,T5,T6,FZ,CZ,PZ,F9,F10,FC5,FC1,CP1,FC2,FC6,CP2,CP6"
EPCTL02,R_8,13830.00,14460.00,R,"Fp2,F3,F4,C3,C4,P3,P4,O1,O2,F7,F8,T3,T4,T5,T6,FZ,CZ,PZ,F9,F10,FC5,FC1,CP1,FC2,FC6,CP2,CP6"
EPCTL02,N2_9,14670.00,15090.00,N2,"Fp1,Fp2,F3,F4,C3,C4,P3,P4,O1,O2,F7,F8,T3,T4,T5,T6,FZ,CZ,PZ,F9,F10,FC5,FC1,CP1,FC2,FC6,CP2,CP6"
EPCTL02,R_10,15240.00,15540.00,R,"Fp1,Fp2,F3,F4,C3,C4,P3,P4,O1,O2,F7,F8,T3,T4,T5,T6,FZ,CZ,PZ,F9,F10,FC5,FC1,CP1,FC2,FC6,CP2,CP6"
EPCTL02,N2_11,15540.00,15840.00,N2,"Fp1,Fp2,F3,F4,C3,C4,P3,P4,O1,O2,F7,F8,T3,T4,T5,T6,FZ,CZ,PZ,F9,F10,FC5,FC1,CP1,FC2,FC6,CP2,CP6"
EPCTL02,N2_12,15900.00,16680.00,N2,"Fp1,Fp2,F3,F4,C3,C4,P3,P4,O1,O2,F7,F8,T3,T4,T5,T6,FZ,CZ,PZ,F9,F10,FC5,FC1,CP1,FC2,FC6,CP2,CP6"
EPCTL02,N3_13,16680.00,17220.00,N3,"Fp1,Fp2,F3,F4,C3,C4,P3,P4,O1,O2,F7,F8,T3,T4,T5,T6,FZ,CZ,PZ,F9,F10,FC5,FC1,CP1,FC2,FC6,CP2,CP6"
EPCTL02,N2_14,17220.00,17520.00,N2,"Fp1,Fp2,F3,F4,C3,C4,P3,P4,O1,O2,F7,F8,T3,T4,T5,T6,FZ,CZ,PZ,F9,F10,FC5,FC1,CP1,FC2,FC6,CP2,CP6"
EPCTL02,N2_15,17790.00,18090.00,N2,"Fp1,Fp2,F3,F4,C3,C4,P3,P4,O1,O2,F7,F8,T3,T4,T5,T6,FZ,CZ,PZ,F9,F10,FC5,FC1,CP1,FC2,FC6,CP2,CP6"
EPCTL02,N3_16,18090.00,19740.00,N3,"Fp1,Fp2,F3,F4,C3,C4,P3,P4,O1,O2,F7,F8,T3,T4,T5,T6,FZ,CZ,PZ,F9,F10,FC5,FC1,CP1,FC2,FC6,CP2,CP6"
EPCTL02,N2_17,19740.00,20790.00,N2,"Fp1,Fp2,F3,F4,C3,C4,P3,P4,O1,O2,F7,F8,T3,T4,T5,T6,FZ,CZ,PZ,F9,F10,FC5,FC1,CP1,FC2,FC6,CP2,CP6"
EPCTL02,R_18,20790.00,21330.00,R,"Fp1,Fp2,F3,F4,C3,C4,P3,P4,O1,O2,F7,F8,T3,T4,T5,T6,FZ,CZ,PZ,F9,F10,FC5,FC1,CP1,FC2,FC6,CP2,CP6"
EPCTL02,N2_19,21900.00,23100.00,N2,"Fp1,Fp2,F3,F4,C3,C4,P3,P4,O1,O2,F7,F8,T3,T4,T5,T6,FZ,CZ,PZ,F9,F10,FC5,FC1,CP1,FC2,FC6,CP2,CP6"
EPCTL02,N2_20,23130.00,23520.00,N2,"Fp1,Fp2,F3,F4,C3,C4,P3,P4,O1,O2,F7,F8,T3,T4,T5,T6,FZ,CZ,PZ,F9,F10,FC5,FC1,CP1,FC2,FC6,CP2,CP6"
EPCTL02,W_21,23520.00,23880.00,W,"Fp1,Fp2,F3,F4,C3,C4,P3,P4,O1,O2,F7,F8,T3,T4,T5,T6,FZ,CZ,PZ,F9,F10,FC1,CP1,FC2,FC6,CP2,CP6"
EPCTL02,N2_22,24030.00,26310.00,N2,"Fp1,Fp2,F3,F4,C3,C4,P3,P4,O1,O2,F7,F8,T3,T4,T5,T6,FZ,CZ,PZ,F9,F10,FC5,FC1,CP1,FC2,FC6,CP2,CP6"
EPCTL02,N2_23,26340.00,27330.00,N2,"Fp1,Fp2,F3,F4,C3,C4,P3,P4,O1,O2,F7,F8,T3,T4,T5,T6,FZ,CZ,PZ,F9,F10,FC5,FC1,CP1,FC2,FC6,CP2,CP6"
EPCTL02,N2_24,27960.00,28620.00,N2,"Fp1,Fp2,F3,F4,C3,C4,P3,P4,O1,O2,F7,F8,T3,T4,T5,T6,FZ,CZ,PZ,F9,F10,FC5,FC1,CP1,FC2,FC6,CP2,CP6"
EPCTL02,N2_25,28740.00,29100.00,N2,"Fp2,F3,F4,C3,C4,P3,P4,O1,O2,F7,F8,T3,T4,T5,T6,FZ,CZ,PZ,F9,F10,FC5,FC1,CP1,FC2,FC6,CP2,CP6"
EPCTL02,W_26,29100.00,29460.00,W,"Fp2,F3,F4,C3,C4,P3,P4,O1,O2,F7,F8,T3,T4,T5,T6,FZ,CZ,PZ,F9,F10,FC5,FC1,CP1,FC2,FC6,CP2,CP6"
EPCTL02,N2_27,29670.00,31020.00,N2,"Fp1,Fp2,F3,F4,C3,C4,P3,P4,O1,O2,F7,F8,T3,T4,T5,T6,FZ,CZ,PZ,F9,F10,FC5,FC1,CP1,FC2,FC6,CP2,CP6"
EPCTL02,W_28,31350.00,31740.00,W,"Fp1,Fp2,F3,F4,C3,C4,P3,P4,O1,O2,F7,F8,T3,T4,T5,T6,FZ,CZ,PZ,F9,F10,FC5,FC1,CP1,FC2,FC6,CP2,CP6"
EPCTL04,W_0,450.00,3690.00,W,"Fp1,Fp2,F3,F4,C3,C4,P3,O1,O2,F7,F8,T3,T4,T5,T6,FZ,CZ,PZ,F9,F10,FC5,FC1,CP1,FC2,FC6,CP2,CP6"
EPCTL04,W_1,3840.00,5130.00,W,"Fp1,Fp2,F3,F4,C3,C4,P3,O1,O2,F7,F8,T3,T4,T5,T6,FZ,CZ,PZ,F9,F10,FC5,FC1,CP1,FC2,FC6,CP2,CP6"
EPCTL04,W_2,5160.00,5610.00,W,"Fp1,Fp2,F3,F4,C3,C4,P3,P4,O1,O2,F7,F8,T3,T4,T5,T6,FZ,CZ,PZ,F9,F10,FC5,FC1,CP1,FC2,FC6,CP2,CP6"
EPCTL04,W_3,6180.00,6480.00,W,"Fp1,Fp2,F3,F4,C3,C4,P3,O1,O2,F7,F8,T3,T4,T5,T6,FZ,CZ,PZ,F9,F10,FC5,FC1,CP1,FC2,FC6,CP2,CP6"
EPCTL04,W_4,6780.00,7140.00,W,"Fp1,Fp2,F3,F4,C3,C4,P3,P4,O1,O2,F7,F8,T3,T4,T5,T6,FZ,CZ,PZ,F9,FC5,FC1,CP1,FC2,FC6,CP2,CP6"
EPCTL04,N2_5,7380.00,7710.00,N2,"Fp1,Fp2,F3,F4,C3,C4,P3,O1,O2,F7,F8,T3,T4,T5,T6,FZ,CZ,PZ,F9,F10,FC5,FC1,CP1,FC2,FC6,CP2,CP6"
EPCTL04,N3_6,7890.00,8460.00,N3,"Fp1,Fp2,F3,F4,C3,C4,P3,O1,O2,F7,F8,T3,T4,T5,T6,FZ,CZ,PZ,F9,F10,FC5,FC1,CP1,FC2,FC6,CP2,CP6"
EPCTL04,N2_7,8460.00,8880.00,N2,"Fp1,Fp2,F3,F4,C3,C4,P3,O1,O2,F7,F8,T3,T4,T5,T6,FZ,CZ,PZ,F9,F10,FC5,FC1,CP1,FC2,FC6,CP2,CP6"
EPCTL04,N3_8,8880.00,9690.00,N3,"Fp1,F3,F4,C3,C4,P3,P4,O1,O2,F7,F8,T3,T4,T5,T6,FZ,CZ,PZ,F9,F10,FC5,FC1,CP1,FC2,FC6,CP2,CP6"
EPCTL04,N2_9,9870.00,10410.00,N2,"Fp1,Fp2,F3,F4,C3,C4,P3,O1,O2,F7,F8,T3,T4,T5,T6,FZ,CZ,PZ,F9,F10,FC5,FC1,CP1,FC2,FC6,CP2,CP6"
EPCTL04,N2_10,10530.00,11040.00,N2,"Fp1,Fp2,F3,F4,C3,C4,P3,P4,O1,O2,F7,F8,T3,T4,T5,T6,FZ,CZ,PZ,F9,F10,FC5,FC1,CP1,FC2,FC6,CP2,CP6"
EPCTL04,N3_11,11040.00,11400.00,N3,"Fp1,Fp2,F3,F4,C3,C4,P3,P4,O1,O2,F7,F8,T3,T4,T5,T6,FZ,CZ,PZ,F9,F10,FC5,FC1,CP1,FC2,FC6,CP2,CP6"
EPCTL04,N2_12,11400.00,11790.00,N2,"Fp1,Fp2,F3,F4,C3,C4,P3,P4,O1,O2,F7,F8,T3,T4,T5,T6,FZ,CZ,PZ,F9,F10,FC5,FC1,CP1,FC2,FC6,CP2,CP6"
EPCTL04,N3_13,11790.00,12210.00,N3,"Fp1,Fp2,F3,F4,C3,C4,P3,P4,O1,O2,F7,F8,T3,T4,T5,T6,FZ,CZ,PZ,F9,F10,FC5,FC1,CP1,FC2,FC6,CP2,CP6"
EPCTL04,N2_14,12960.00,13560.00,N2,"Fp1,Fp2,F3,C3,C4,P3,P4,O1,O2,F7,F8,T3,T4,T5,T6,FZ,CZ,PZ,F9,F10,FC5,FC1,CP1,FC2,FC6,CP2"
EPCTL04,R_15,13980.00,14580.00,R,"Fp1,Fp2,F3,F4,C3,C4,P3,P4,O1,O2,F7,F8,T3,T4,T5,T6,FZ,CZ,PZ,F9,F10,FC5,FC1,CP1,FC2,FC6,CP2,CP6"
EPCTL04,R_16,14820.00,15480.00,R,"Fp1,Fp2,F3,F4,C3,C4,P3,P4,O1,O2,F7,F8,T3,T4,T5,T6,FZ,CZ,PZ,F9,F10,FC5,FC1,CP1,FC2,FC6,CP2,CP6"
EPCTL04,N2_17,16080.00,16410.00,N2,"Fp1,Fp2,F3,F4,C3,C4,P3,P4,O1,O2,F7,F8,T3,T4,T5,T6,FZ,CZ,PZ,F9,F10,FC5,FC1,CP1,FC2,FC6,CP2,CP6"
EPCTL04,N2_18,17370.00,18150.00,N2,"Fp1,Fp2,F3,F4,C3,C4,P3,O1,F7,F8,T3,T4,T5,T6,FZ,CZ,PZ,F9,F10,FC5,FC1,CP1,FC2,FC6,CP2,CP6"
EPCTL04,N3_19,18270.00,19770.00,N3,"Fp1,Fp2,F3,F4,C3,C4,P3,P4,O1,O2,F7,F8,T3,T4,T5,T6,FZ,CZ,PZ,F9,F10,FC5,FC1,CP1,FC2,FC6,CP2,CP6"
EPCTL04,N2_20,19950.00,20670.00,N2,"Fp1,Fp2,F3,F4,C3,C4,P3,O1,O2,F7,F8,T3,T4,T5,T6,FZ,CZ,PZ,F9,F10,FC5,FC1,CP1,FC2,FC6,CP2,CP6"
EPCTL04,W_21,21780.00,22500.00,W,"Fp1,Fp2,F3,F4,C3,C4,P3,P4,O1,O2,F7,F8,T3,T4,T5,T6,FZ,CZ,PZ,F9,FC5,FC1,CP1,FC2,FC6,CP2,CP6"
EPCTL15,W_0,450.00,2250.00,W,"Fp1,Fp2,F3,F4,C3,P3,O1,O2,F7,F8,T3,T4,T5,T6,FZ,CZ,F9,F10,FC5,FC1,CP1,FC2,FC6,CP2,CP6"
EPCTL15,N2_1,2700.00,3180.00,N2,"Fp1,Fp2,F3,F4,C3,C4,P3,P4,O1,O2,F7,F8,T3,T4,T5,T6,FZ,CZ,PZ,F9,F10,FC5,FC1,CP1,FC2,FC6,CP2,CP6"
EPCTL15,N3_2,3180.00,6450.00,N3,"Fp1,Fp2,F3,F4,C3,C4,P3,P4,O1,O2,F7,F8,T3,T4,T5,T6,FZ,CZ,PZ,F9,F10,FC5,FC1,CP1,FC2,FC6,CP2,CP6"
EPCTL15,N2_3,6510.00,6900.00,N2,"Fp1,Fp2,F3,F4,C3,C4,P3,P4,O1,O2,F7,F8,T3,T4,T5,T6,FZ,CZ,PZ,F9,F10,FC5,FC1,CP1,FC2,FC6,CP2,CP6"
EPCTL15,N2_4,7140.00,7860.00,N2,"Fp1,Fp2,F3,F4,C3,C4,P3,P4,O1,O2,F7,F8,T3,T4,T5,T6,FZ,CZ,PZ,F9,F10,FC5,FC1,CP1,FC2,FC6,CP2,CP6"
EPCTL15,N2_5,8220.00,9090.00,N2,"Fp1,Fp2,F3,F4,C3,C4,P3,P4,O1,O2,F7,F8,T3,T4,T5,T6,FZ,CZ,PZ,F9,F10,FC5,FC1,CP1,FC2,FC6,CP2,CP6"
EPCTL15,N2_6,9120.00,9930.00,N2,"Fp1,Fp2,F3,F4,C3,C4,P3,P4,O1,O2,F7,F8,T3,T4,T5,T6,FZ,CZ,PZ,F9,F10,FC5,FC1,CP1,FC2,FC6,CP2,CP6"
EPCTL15,R_7,10320.00,10800.00,R,"Fp1,Fp2,F3,F4,C3,C4,P3,P4,O1,O2,F7,F8,T3,T4,T5,T6,FZ,CZ,PZ,F9,F10,FC5,FC1,CP1,FC2,FC6,CP2,CP6"
EPCTL15,N2_8,10950.00,11280.00,N2,"Fp1,Fp2,F3,F4,C3,C4,P3,P4,O1,O2,F7,F8,T3,T4,T5,T6,FZ,CZ,PZ,F9,F10,FC5,FC1,CP1,FC2,FC6,CP2,CP6"
EPCTL15,W_9,11490.00,13260.00,W,"Fp1,Fp2,F3,F4,C3,C4,P3,P4,O1,O2,F7,F8,T3,T4,T5,T6,FZ,CZ,PZ,F9,F10,FC5,FC1,CP1,FC2,FC6,CP2,CP6"
EPCTL15,N1_10,13260.00,13650.00,N1,"Fp1,Fp2,F3,F4,C3,C4,P3,P4,O1,O2,F7,F8,T3,T4,T5,T6,FZ,CZ,PZ,F9,F10,FC5,FC1,CP1,FC2,FC6,CP2,CP6"
EPCTL15,N2_11,13950.00,15300.00,N2,"Fp1,Fp2,F3,F4,C3,C4,P3,P4,O1,O2,F7,F8,T3,T4,T5,T6,FZ,CZ,PZ,F9,F10,FC5,FC1,CP1,FC2,FC6,CP2,CP6"
EPCTL15,N2_12,16110.00,16860.00,N2,"Fp1,Fp2,F3,F4,C3,C4,P3,P4,O1,O2,F7,F8,T3,T4,T5,T6,FZ,CZ,PZ,F9,F10,FC5,FC1,CP1,FC2,FC6,CP2,CP6"
EPCTL15,R_13,16980.00,17640.00,R,"Fp1,Fp2,F3,F4,C3,C4,P3,P4,O1,O2,F7,F8,T3,T4,T5,T6,FZ,CZ,PZ,F9,F10,FC5,FC1,CP1,FC2,FC6,CP2,CP6"
EPCTL15,R_14,17760.00,18180.00,R,"Fp1,Fp2,F3,F4,C3,C4,P3,P4,O1,O2,F7,F8,T3,T4,T5,T6,FZ,CZ,PZ,F9,F10,FC5,FC1,CP1,FC2,FC6,CP2,CP6"
EPCTL15,N2_15,18540.00,18840.00,N2,"Fp1,Fp2,F3,F4,C3,C4,P3,P4,O1,O2,F7,F8,T3,T4,T5,T6,FZ,CZ,PZ,F9,F10,FC5,FC1,CP1,FC2,FC6,CP2,CP6"
EPCTL15,N2_16,19200.00,19680.00,N2,"Fp1,Fp2,F3,F4,C3,C4,P3,P4,O1,O2,F7,F8,T3,T4,T5,T6,FZ,CZ,PZ,F9,F10,FC5,FC1,CP1,FC2,FC6,CP2,CP6"
EPCTL15,N2_17,19710.00,20460.00,N2,"Fp1,Fp2,F3,F4,C3,C4,P3,P4,O1,O2,F7,F8,T3,T4,T5,T6,FZ,CZ,PZ,F9,F10,FC5,FC1,CP1,FC2,FC6,CP2,CP6"
EPCTL15,N3_18,20460.00,20910.00,N3,"Fp1,Fp2,F3,F4,C3,C4,P3,P4,O1,O2,F7,F8,T3,T4,T5,T6,FZ,CZ,PZ,F9,F10,FC5,FC1,CP1,FC2,FC6,CP2,CP6"
EPCTL15,N2_19,21030.00,21540.00,N2,"Fp2,F3,F4,C3,C4,P3,P4,O1,O2,F7,F8,T3,T4,T5,T6,FZ,CZ,PZ,F9,F10,FC5,FC1,CP1,FC2,FC6,CP2,CP6"
EPCTL15,N2_20,21630.00,21960.00,N2,"Fp1,Fp2,F3,F4,C3,C4,P3,P4,O1,O2,F7,F8,T3,T4,T5,T6,FZ,CZ,PZ,F9,F10,FC5,FC1,CP1,FC2,FC6,CP2,CP6"
EPCTL15,R_21,21960.00,22290.00,R,"Fp1,Fp2,F3,F4,C3,C4,P3,P4,O1,O2,F7,F8,T3,T4,T5,T6,FZ,CZ,PZ,F9,F10,FC5,FC1,CP1,FC2,FC6,CP2,CP6"
EPCTL16,N2_0,2970.00,3840.00,N2,"Fp1,Fp2,F3,F4,C3,C4,P3,P4,O1,O2,F7,F8,T3,T4,T5,T6,FZ,CZ,PZ,F9,F10,FC5,FC1,CP1,FC2,FC6,CP2,CP6"
EPCTL16,N3_1,3840.00,4770.00,N3,"Fp1,Fp2,F3,F4,C3,C4,P3,P4,O1,O2,F7,F8,T3,T4,T5,T6,FZ,CZ,PZ,F9,F10,FC5,FC1,CP1,FC2,FC6,CP2,CP6"
EPCTL16,N3_2,4800.00,5430.00,N3,"Fp1,Fp2,F3,F4,C3,C4,P3,P4,O1,O2,F7,F8,T3,T4,T5,T6,FZ,CZ,PZ,F9,F10,FC5,FC1,CP1,FC2,FC6,CP2,CP6"
EPCTL16,N2_3,6960.00,7500.00,N2,"Fp1,Fp2,F3,F4,C3,C4,P3,P4,O1,O2,F7,F8,T3,T4,T5,T6,FZ,CZ,PZ,F9,F10,FC5,FC1,CP1,FC2,FC6,CP2,CP6"
EPCTL16,N2_4,8610.00,8970.00,N2,"Fp1,Fp2,F3,F4,C3,C4,P3,P4,O1,O2,F7,F8,T3,T4,T5,T6,FZ,CZ,PZ,F9,F10,FC5,FC1,CP1,FC2,FC6,CP2,CP6"
EPCTL16,N2_5,9240.00,9750.00,N2,"Fp1,Fp2,F3,F4,C3,C4,P3,P4,O1,O2,F7,F8,T3,T4,T5,T6,FZ,CZ,PZ,F9,F10,FC5,FC1,CP1,FC2,FC6,CP2,CP6"
EPCTL16,N3_6,9750.00,10140.00,N3,"Fp1,Fp2,F3,F4,C3,C4,P3,P4,O1,O2,F7,F8,T3,T4,T5,T6,FZ,CZ,PZ,F9,F10,FC5,FC1,CP1,FC2,FC6,CP2,CP6"
EPCTL16,N2_7,10140.00,10590.00,N2,"Fp1,Fp2,F3,F4,C3,C4,P3,P4,O1,O2,F7,F8,T3,T4,T5,T6,FZ,CZ,PZ,F9,F10,FC5,FC1,CP1,FC2,FC6,CP2,CP6"
EPCTL16,N2_8,10770.00,11310.00,N2,"Fp1,Fp2,F3,F4,C3,C4,P3,P4,O1,O2,F7,F8,T3,T4,T5,T6,FZ,CZ,PZ,F9,F10,FC5,FC1,CP1,FC2,FC6,CP2,CP6"
EPCTL16,R_9,11910.00,12330.00,R,"Fp1,Fp2,F3,F4,C3,C4,P3,P4,O1,O2,F7,F8,T3,T4,T5,T6,FZ,CZ,PZ,F9,F10,FC5,FC1,CP1,FC2,FC6,CP2,CP6"
EPCTL16,N2_10,13830.00,15030.00,N2,"Fp2,F3,F4,C3,C4,P3,P4,O1,O2,F7,F8,T3,T4,T5,T6,FZ,CZ,PZ,F9,F10,FC5,FC1,CP1,FC2,FC6,CP2,CP6"
EPCTL16,N2_11,15120.00,15540.00,N2,"Fp1,Fp2,F3,F4,C3,C4,P3,P4,O1,O2,F7,F8,T3,T4,T5,T6,FZ,CZ,PZ,F9,F10,FC5,FC1,CP1,FC2,FC6,CP2,CP6"
EPCTL16,N3_12,16080.00,16770.00,N3,"Fp1,Fp2,F3,F4,C3,C4,P3,P4,O1,O2,F7,F8,T3,T4,T5,T6,FZ,CZ,PZ,F9,F10,FC5,FC1,CP1,FC2,FC6,CP2,CP6"
EPCTL16,N2_13,16890.00,17250.00,N2,"Fp1,Fp2,F3,F4,C3,C4,P3,P4,O1,O2,F7,F8,T3,T4,T5,T6,FZ,CZ,PZ,F9,F10,FC5,FC1,CP1,FC2,FC6,CP2,CP6"
EPCTL16,N2_14,17460.00,18180.00,N2,"Fp1,Fp2,F3,F4,C3,C4,P3,P4,O1,O2,F7,F8,T3,T4,T5,T6,FZ,CZ,PZ,F9,F10,FC5,FC1,CP1,FC2,FC6,CP2,CP6"
EPCTL16,R_15,19080.00,19440.00,R,"Fp1,Fp2,F3,F4,C3,C4,P3,P4,O1,O2,F7,F8,T3,T4,T5,T6,FZ,CZ,PZ,F9,F10,FC5,FC1,CP1,FC2,FC6,CP2,CP6"
EPCTL16,R_16,19740.00,20130.00,R,"Fp1,Fp2,F3,F4,C3,C4,P3,P4,O1,O2,F7,F8,T3,T4,T5,T6,FZ,CZ,PZ,F9,F10,FC5,FC1,CP1,FC2,FC6,CP2,CP6"
EPCTL16,R_17,20310.00,20970.00,R,"Fp1,Fp2,F3,F4,C3,C4,P3,P4,O1,O2,F7,F8,T3,T4,T5,T6,FZ,CZ,PZ,F9,F10,FC5,FC1,CP1,FC2,FC6,CP2,CP6"
EPCTL16,N2_18,22080.00,22590.00,N2,"Fp1,Fp2,F3,F4,C3,C4,P3,P4,O1,F7,F8,T3,T4,T5,T6,FZ,CZ,PZ,F9,F10,FC5,FC1,CP1,FC2,FC6,CP2,CP6"
EPCTL16,N2_19,22650.00,23700.00,N2,"Fp1,Fp2,F3,F4,C3,C4,P3,P4,O1,O2,F7,F8,T3,T4,T5,T6,FZ,CZ,PZ,F9,F10,FC5,FC1,CP1,FC2,FC6,CP2,CP6"
EPCTL16,N2_20,24540.00,25110.00,N2,"Fp1,Fp2,F3,F4,C3,C4,P3,P4,O1,O2,F7,F8,T3,T4,T5,T6,FZ,CZ,PZ,F9,F10,FC5,FC1,CP1,FC2,FC6,CP2,CP6"
EPCTL16,N2_21,25170.00,25560.00,N2,"Fp1,Fp2,F3,F4,C3,C4,P3,P4,O1,O2,F7,F8,T3,T4,T5,T6,FZ,CZ,PZ,F9,F10,FC5,FC1,CP1,FC2,FC6,CP2,CP6"
EPCTL16,R_22,26100.00,26430.00,R,"Fp1,Fp2,F3,F4,C3,C4,P3,P4,O1,O2,F7,F8,T3,T4,T5,T6,FZ,CZ,PZ,F9,F10,FC5,FC1,CP1,FC2,FC6,CP2,CP6"
EPCTL20,N2_0,660.00,1110.00,N2,"Fp1,Fp2,F3,F4,C3,C4,P3,P4,O1,O2,F7,F8,T3,T4,T5,T6,FZ,CZ,PZ,F9,F10,FC5,FC1,CP1,FC2,FC6,CP2,CP6"
EPCTL20,N2_1,1230.00,1560.00,N2,"Fp1,Fp2,F3,F4,C3,C4,P3,P4,O1,O2,F7,F8,T3,T4,T5,T6,FZ,CZ,PZ,F9,F10,FC5,FC1,CP1,FC2,FC6,CP2,CP6"
EPCTL20,N3_2,1560.00,1980.00,N3,"Fp1,Fp2,F3,F4,C3,C4,P3,P4,O1,F7,F8,T3,T4,T5,T6,FZ,CZ,PZ,F9,F10,FC5,FC1,CP1,FC2,FC6,CP2,CP6"
EPCTL20,N3_3,2130.00,3120.00,N3,"Fp1,Fp2,F3,F4,C3,C4,P3,P4,O1,O2,F7,F8,T3,T4,T5,T6,FZ,CZ,PZ,F9,F10,FC5,FC1,CP1,FC2,FC6,CP2,CP6"
EPCTL20,N2_4,3210.00,4020.00,N2,"Fp1,Fp2,F3,F4,C3,C4,P3,P4,O1,O2,F7,F8,T3,T4,T5,T6,FZ,CZ,PZ,F9,F10,FC5,FC1,CP1,FC2,FC6,CP2,CP6"
EPCTL20,N2_5,4830.00,5490.00,N2,"Fp1,Fp2,F3,F4,C3,C4,P3,P4,O1,O2,F7,F8,T3,T4,T5,T6,FZ,CZ,PZ,F9,F10,FC5,FC1,CP1,FC2,FC6,CP2,CP6"
EPCTL20,N2_6,5610.00,6600.00,N2,"Fp1,Fp2,F3,F4,C3,C4,P3,P4,O1,O2,F7,F8,T3,T4,T5,T6,FZ,CZ,PZ,F9,F10,FC5,FC1,CP1,FC2,FC6,CP2,CP6"
EPCTL20,N3_7,6600.00,7260.00,N3,"Fp1,Fp2,F3,F4,C3,C4,P3,P4,O1,O2,F7,F8,T3,T4,T5,T6,FZ,CZ,PZ,F9,F10,FC5,FC1,CP1,FC2,FC6,CP2,CP6"
EPCTL20,N2_8,7410.00,7770.00,N2,"Fp1,Fp2,F3,F4,C3,C4,P3,P4,O1,O2,F7,F8,T3,T4,T5,T6,FZ,CZ,PZ,F9,F10,FC5,FC1,CP1,FC2,FC6,CP2,CP6"
EPCTL20,N2_9,8550.00,8850.00,N2,"Fp1,Fp2,F3,F4,C3,C4,P3,P4,O1,O2,F7,F8,T3,T4,T5,T6,FZ,CZ,PZ,F9,F10,FC5,FC1,CP1,FC2,FC6,CP2,CP6"
EPCTL20,N3_10,9030.00,9390.00,N3,"Fp1,Fp2,F3,F4,C3,C4,P3,P4,O1,O2,F7,F8,T3,T4,T5,T6,FZ,CZ,PZ,F9,F10,FC5,FC1,CP1,FC2,FC6,CP2,CP6"
EPCTL20,N3_11,9660.00,10380.00,N3,"Fp1,Fp2,F3,F4,C3,C4,P3,P4,O1,O2,F7,F8,T3,T4,T5,T6,FZ,CZ,PZ,F9,F10,FC5,FC1,CP1,FC2,FC6,CP2,CP6"
EPCTL20,W_12,11910.00,12300.00,W,"Fp1,Fp2,F3,F4,C3,C4,P3,O1,O2,F7,F8,T3,T4,T5,T6,FZ,CZ,PZ,F9,F10,FC5,FC1,CP1,FC2,FC6,CP2,CP6"
EPCTL20,N2_13,12420.00,12780.00,N2,"Fp1,Fp2,F3,F4,C3,C4,P3,P4,O1,O2,F7,F8,T3,T4,T5,T6,FZ,CZ,PZ,F9,F10,FC5,FC1,CP1,FC2,FC6,CP2,CP6"
EPCTL20,N2_14,13140.00,13950.00,N2,"Fp1,Fp2,F3,F4,C3,C4,P3,P4,O1,O2,F7,F8,T3,T4,T5,T6,FZ,CZ,PZ,F9,F10,FC5,FC1,CP1,FC2,FC6,CP2,CP6"
EPCTL20,N2_15,14010.00,14970.00,N2,"Fp1,Fp2,F3,F4,C3,C4,P3,P4,O1,O2,F7,F8,T3,T4,T5,T6,FZ,CZ,PZ,F9,F10,FC5,FC1,CP1,FC2,FC6,CP2,CP6"
EPCTL20,R_16,15390.00,15900.00,R,"Fp1,Fp2,F3,F4,C3,C4,P3,P4,O1,O2,F7,F8,T3,T4,T5,T6,FZ,CZ,PZ,F9,F10,FC5,FC1,CP1,FC2,FC6,CP2,CP6"
EPCTL20,R_17,16020.00,16560.00,R,"Fp1,Fp2,F3,F4,C3,C4,P3,P4,O1,O2,F7,F8,T3,T4,T5,T6,FZ,CZ,PZ,F9,F10,FC5,FC1,CP1,FC2,FC6,CP2,CP6"
EPCTL20,N2_18,18030.00,18360.00,N2,"Fp1,Fp2,F3,F4,C3,C4,P3,P4,O1,O2,F7,F8,T3,T4,T5,T6,FZ,CZ,PZ,F9,F10,FC5,FC1,CP1,FC2,FC6,CP2,CP6"
EPCTL20,N2_19,18450.00,19380.00,N2,"Fp1,Fp2,F3,F4,C3,C4,P3,P4,O1,O2,F7,F8,T3,T4,T5,T6,FZ,CZ,PZ,F9,F10,FC5,FC1,CP1,FC2,FC6,CP2,CP6"
EPCTL20,N2_20,19410.00,19740.00,N2,"Fp1,Fp2,F3,F4,C3,C4,P3,P4,O1,O2,F7,F8,T3,T4,T5,T6,FZ,CZ,PZ,F9,F10,FC5,FC1,CP1,FC2,FC6,CP2,CP6"
EPCTL20,N3_21,19920.00,20250.00,N3,"Fp1,Fp2,F3,F4,C3,C4,P3,P4,O1,O2,F7,F8,T3,T4,T5,T6,FZ,CZ,PZ,F9,F10,FC5,FC1,CP1,FC2,FC6,CP2,CP6"
EPCTL20,N2_22,20520.00,20940.00,N2,"Fp1,Fp2,F3,F4,C3,C4,P3,P4,O1,O2,F7,F8,T3,T4,T5,T6,FZ,CZ,PZ,F9,F10,FC5,FC1,CP1,FC2,FC6,CP2,CP6"
EPCTL20,R_23,20940.00,21270.00,R,"Fp1,Fp2,F3,F4,C3,C4,P3,P4,O1,O2,F7,F8,T3,T4,T5,T6,FZ,CZ,PZ,F9,F10,FC5,FC1,CP1,FC2,FC6,CP2,CP6"
EPCTL20,R_24,21360.00,21750.00,R,"Fp1,Fp2,F3,F4,C3,C4,P3,O1,O2,F7,F8,T3,T4,T5,T6,FZ,CZ,PZ,F9,F10,FC5,FC1,CP1,FC2,FC6,CP2,CP6"
EPCTL20,N2_25,22230.00,22620.00,N2,"Fp1,Fp2,F3,F4,C3,C4,P3,P4,O1,O2,F7,F8,T3,T4,T5,T6,FZ,CZ,PZ,F9,F10,FC5,FC1,CP1,FC2,FC6,CP2,CP6"
EPCTL20,N2_26,22650.00,23400.00,N2,"Fp1,Fp2,F3,F4,C3,C4,P3,P4,O1,O2,F7,F8,T3,T4,T5,T6,FZ,CZ,PZ,F9,F10,FC5,FC1,CP1,FC2,FC6,CP2,CP6"
EPCTL20,N2_27,23490.00,23940.00,N2,"Fp1,Fp2,F3,F4,C3,C4,P3,P4,O1,O2,F7,F8,T3,T4,T5,T6,FZ,CZ,PZ,F9,F10,FC5,FC1,CP1,FC2,FC6,CP2,CP6"
EPCTL20,N2_28,24630.00,25410.00,N2,"Fp1,Fp2,F3,F4,C3,C4,P3,P4,O1,O2,F7,F8,T3,T4,T5,T6,FZ,CZ,PZ,F9,F10,FC5,FC1,CP1,FC2,FC6,CP2,CP6"
EPCTL20,R_29,26400.00,27480.00,R,"Fp1,Fp2,F3,F4,C3,C4,P4,O1,O2,F7,F8,T3,T4,T5,T6,FZ,CZ,F9,F10,FC5,FC1,CP1,FC2,FC6,CP2,CP6"
EPCTL22,W_0,630.00,1110.00,W,"Fp1,Fp2,F3,F4,C3,C4,P3,P4,O1,O2,F7,F8,T3,T4,T5,T6,FZ,CZ,F9,F10,FC5,FC1,CP1,FC2,FC6,CP2,CP6"
EPCTL22,N2_1,1560.00,1920.00,N2,"Fp1,Fp2,F3,F4,C3,C4,P3,P4,O1,O2,F7,F8,T3,T4,T5,T6,FZ,CZ,PZ,F9,F10,FC5,FC1,CP1,FC2,FC6,CP2,CP6"
EPCTL22,N3_2,2190.00,3270.00,N3,"Fp1,Fp2,F3,F4,C3,C4,P3,P4,O1,O2,F7,F8,T3,T4,T5,T6,FZ,CZ,PZ,F9,F10,FC5,FC1,CP1,FC2,FC6,CP2,CP6"
EPCTL22,N2_3,3360.00,3660.00,N2,"Fp1,Fp2,F3,F4,C3,C4,P3,P4,O1,O2,F7,F8,T3,T4,T5,T6,FZ,CZ,PZ,F9,F10,FC5,FC1,CP1,FC2,FC6,CP2,CP6"
EPCTL22,N2_4,4620.00,5250.00,N2,"Fp1,Fp2,F3,F4,C3,C4,P3,P4,O1,O2,F7,F8,T3,T4,T5,T6,FZ,CZ,PZ,F9,F10,FC5,FC1,CP1,FC2,FC6,CP2,CP6"
EPCTL22,R_5,6090.00,6540.00,R,"Fp1,Fp2,F3,F4,C3,C4,P3,P4,O1,O2,F7,F8,T3,T4,T5,T6,FZ,CZ,PZ,F9,F10,FC5,FC1,CP1,FC2,FC6,CP2,CP6"
EPCTL22,N1_6,6540.00,6870.00,N1,"Fp2,F3,F4,C3,C4,P4,O1,O2,F7,F8,T3,T4,T5,T6,FZ,CZ,PZ,F9,F10,FC5,FC1,CP1,FC2,FC6,CP2,CP6"
EPCTL22,N2_7,7710.00,8190.00,N2,"Fp1,Fp2,F3,F4,C3,C4,P3,P4,O1,O2,F7,F8,T3,T4,T5,T6,FZ,CZ,PZ,F9,F10,FC5,FC1,CP1,FC2,FC6,CP2,CP6"
EPCTL22,N3_8,8190.00,10740.00,N3,"Fp1,Fp2,F3,F4,C3,C4,P3,P4,O1,O2,F7,F8,T3,T4,T5,T6,FZ,CZ,PZ,F9,F10,FC5,FC1,CP1,FC2,FC6,CP2,CP6"
EPCTL22,N2_9,10740.00,11850.00,N2,"Fp1,Fp2,F3,F4,C3,C4,P3,P4,O1,O2,F7,F8,T3,T4,T5,T6,FZ,CZ,PZ,F9,F10,FC5,FC1,CP1,FC2,FC6,CP2,CP6"
EPCTL22,R_10,12420.00,12900.00,R,"Fp1,Fp2,F3,F4,C3,C4,P3,P4,O1,O2,F7,F8,T3,T4,T5,T6,FZ,CZ,PZ,F9,F10,FC5,FC1,CP1,FC2,FC6,CP2,CP6"
EPCTL22,R_11,12990.00,13350.00,R,"Fp1,Fp2,F3,F4,C3,C4,P3,P4,O1,O2,F7,T3,T4,T5,T6,FZ,CZ,PZ,F9,F10,FC5,FC1,CP1,FC2,FC6,CP2,CP6"
EPCTL22,N2_12,13500.00,14220.00,N2,"Fp1,Fp2,F3,F4,C3,C4,P3,P4,O1,O2,F7,T3,T4,T5,T6,FZ,CZ,PZ,F9,F10,FC5,FC1,CP1,FC2,FC6,CP2,CP6"
EPCTL22,N2_13,14460.00,15630.00,N2,"Fp1,Fp2,F3,F4,C3,C4,P3,P4,O1,O2,F7,F8,T3,T4,T5,T6,FZ,CZ,PZ,F9,F10,FC5,FC1,CP1,FC2,FC6,CP2,CP6"
EPCTL22,N2_14,15660.00,16350.00,N2,"Fp1,Fp2,F3,F4,C3,C4,P3,P4,O1,O2,F7,T3,T4,T5,T6,FZ,CZ,PZ,F9,F10,FC5,FC1,CP1,FC2,FC6,CP2,CP6"
EPCTL22,N2_15,16380.00,17100.00,N2,"Fp1,Fp2,F3,F4,C3,C4,P3,P4,O1,O2,F7,T3,T4,T5,T6,FZ,CZ,PZ,F9,F10,FC5,FC1,CP1,FC2,FC6,CP2,CP6"
EPCTL22,N2_16,17580.00,17940.00,N2,"Fp1,Fp2,F3,F4,C3,C4,P3,P4,O1,O2,F7,T3,T4,T5,T6,FZ,CZ,PZ,F9,F10,FC5,FC1,CP1,FC2,FC6,CP2,CP6"
EPCTL22,R_17,18420.00,18750.00,R,"Fp1,Fp2,F3,F4,C3,C4,P3,P4,O1,O2,F7,T3,T4,T5,T6,FZ,CZ,PZ,F9,F10,FC5,FC1,CP1,FC2,FC6,CP2,CP6"
EPCTL22,R_18,18780.00,19620.00,R,"Fp1,Fp2,F3,F4,C3,C4,P3,P4,O1,O2,F7,F8,T3,T4,T5,T6,FZ,CZ,PZ,F9,F10,FC5,FC1,CP1,FC2,FC6,CP2,CP6"
EPCTL22,N2_19,20610.00,21000.00,N2,"Fp1,Fp2,F3,F4,C3,C4,P3,P4,O1,O2,F7,F8,T3,T4,T5,T6,FZ,CZ,PZ,F9,F10,FC5,FC1,CP1,FC2,FC6,CP2,CP6"
EPCTL22,N2_20,21240.00,21900.00,N2,"Fp1,Fp2,F3,F4,C3,C4,P3,P4,O1,O2,F7,F8,T3,T4,T5,T6,FZ,CZ,PZ,F9,F10,FC5,FC1,CP1,FC2,FC6,CP2,CP6"
EPCTL22,N2_21,21930.00,23010.00,N2,"Fp1,Fp2,F3,F4,C3,C4,P3,P4,O1,O2,F7,F8,T3,T4,T5,T6,FZ,CZ,PZ,F9,F10,FC5,FC1,CP1,FC2,FC6,CP2,CP6"
EPCTL22,N2_22,23160.00,23880.00,N2,"Fp1,Fp2,F3,F4,C3,C4,P3,P4,O1,O2,F7,F8,T3,T4,T5,T6,FZ,CZ,PZ,F9,F10,FC5,FC1,CP1,FC2,FC6,CP2,CP6"
EPCTL22,N2_23,23940.00,24300.00,N2,"Fp1,Fp2,F3,F4,C3,C4,P3,P4,O1,O2,F7,F8,T3,T4,T5,T6,FZ,CZ,PZ,F9,F10,FC5,FC1,CP1,FC2,FC6,CP2,CP6"
EPCTL22,R_24,25470.00,26040.00,R,"Fp1,Fp2,F3,F4,C3,C4,P3,P4,O1,O2,F7,F8,T3,T4,T5,T6,FZ,CZ,PZ,F9,F10,FC5,FC1,CP1,FC2,FC6,CP2,CP6"
EPCTL22,W_25,26040.00,26610.00,W,"Fp1,Fp2,F3,F4,C3,C4,P3,P4,O1,O2,F7,F8,T3,T4,T5,T6,FZ,CZ,PZ,F9,F10,FC5,FC1,CP1,FC2,FC6,CP2,CP6"
